{
  "processes": [
    "svc:dnscache",
    "svc:explorer",
    "svc:lsass",
    "svc:pcasvc",
    "svc:dps",
    "svc:diagtrack"
  ],
  "strings": [
    {
      "name": "C$keyauth.win$Severe",
      "process": "svc:dnscache",
      "string": "Keyauth.win (Dnscache.exe)",
      "in_instance": false,
      "severity": "Severe"
    },
    {
      "name": "C$keyauth.cc$Severe",
      "process": "svc:dnscache",
      "string": "Keyauth.cc (Dnscache.exe)",
      "in_instance": false,
      "severity": "Severe"
    },
    {
      "name": "C$api.tzproject.com$Severe",
      "process": "svc:dnscache",
      "string": "tzproject api (Dnscache.exe)",
      "in_instance": false,
      "severity": "Severe"
    },
    {
      "name": "C$api.projectcheats.com$Severe",
      "process": "svc:dnscache",
      "string": "Project Cheats api (Dnscache.exe)",
      "in_instance": false,
      "severity": "Severe"
    },
    {
      "name": "C$vps93241.serveur-vps.ne$Severe",
      "process": "svc:dnscache",
      "string": "susano api (Dnscache.exe)",
      "in_instance": false,
      "severity": "Severe"
    },
    {
      "name": "C$wsauth.redengine.eu$Severe",
      "process": "svc:dnscache",
      "string": "RedEngine api (Dnscache.exe)",
      "in_instance": false,
      "severity": "Severe"
    },
    {
      "name": "C$75.182.235.3.in-addr.arpa$Severe",
      "process": "svc:dnscache",
      "string": "Eulen api (Dnscache.exe)",
      "in_instance": false,
      "severity": "Severe"
    },
    {
      "name": "C$skript.gg$Severe",
      "process": "svc:dnscache",
      "string": "Skript (Dnscache)",
      "in_instance": false,
      "severity": "Severe"
    },
    {
      "name": "C$file:///A$Severe",
      "process": "svc:dnscache",
      "string": "Extra disk A (Explorer)",
      "in_instance": false,
      "severity": "Severe"
    },
    {
      "name": "C$file:///B$Severe",
      "process": "svc:dnscache",
      "string": "Extra disk B (Explorer)",
      "in_instance": false,
      "severity": "Severe"
    },
    {
      "name": "C$file:///F$Severe",
      "process": "svc:dnscache",
      "string": "Extra disk F (Explorer)",
      "in_instance": false,
      "severity": "Severe"
    },
    {
      "name": "C$file:///G$Severe",
      "process": "svc:dnscache",
      "string": "Extra disk G (Explorer)",
      "in_instance": false,
      "severity": "Severe"
    },
    {
      "name": "C$file:///H$Severe",
      "process": "svc:dnscache",
      "string": "Extra disk H (Explorer)",
      "in_instance": false,
      "severity": "Severe"
    },
    {
      "name": "C$file:///I$Severe",
      "process": "svc:dnscache",
      "string": "Extra disk I (Explorer)",
      "in_instance": false,
      "severity": "Severe"
    },
    {
      "name": "C$file:///J$Severe",
      "process": "svc:dnscache",
      "string": "Extra disk J (Explorer)",
      "in_instance": false,
      "severity": "Severe"
    },
    {
      "name": "C$file:///K$Severe",
      "process": "svc:dnscache",
      "string": "Extra disk K (Explorer)",
      "in_instance": false,
      "severity": "Severe"
    },
    {
      "name": "C$file:///L$Severe",
      "process": "svc:dnscache",
      "string": "Extra disk L (Explorer)",
      "in_instance": false,
      "severity": "Severe"
    },
    {
      "name": "C$file:///M$Severe",
      "process": "svc:dnscache",
      "string": "Extra disk M (Explorer)",
      "in_instance": false,
      "severity": "Severe"
    },
    {
      "name": "C$file:///N$Severe",
      "process": "svc:dnscache",
      "string": "Extra disk N (Explorer)",
      "in_instance": false,
      "severity": "Severe"
    },
    {
      "name": "C$file:///Q$Severe",
      "process": "svc:dnscache",
      "string": "Extra disk Q (Explorer)",
      "in_instance": false,
      "severity": "Severe"
    },
    {
      "name": "C$file:///P$Severe",
      "process": "svc:dnscache",
      "string": "Extra disk p (Explorer)",
      "in_instance": false,
      "severity": "Severe"
    },
    {
      "name": "C$file:///O$Severe",
      "process": "svc:dnscache",
      "string": "Extra disk O (Explorer)",
      "in_instance": false,
      "severity": "Severe"
    },
    {
      "name": "C$file:///R$Severe",
      "process": "svc:dnscache",
      "string": "Extra disk R (Explorer)",
      "in_instance": false,
      "severity": "Severe"
    },
    {
      "name": "C$file:///S$Severe",
      "process": "svc:dnscache",
      "string": "Extra disk S (Explorer)",
      "in_instance": false,
      "severity": "Severe"
    },
    {
      "name": "C$file:///T$Severe",
      "process": "svc:dnscache",
      "string": "Extra disk T (Explorer)",
      "in_instance": false,
      "severity": "Severe"
    },
    {
      "name": "C$file:///U$Severe",
      "process": "svc:dnscache",
      "string": "Extra disk U (Explorer)",
      "in_instance": false,
      "severity": "Severe"
    },
    {
      "name": "C$file:///V$Severe",
      "process": "svc:dnscache",
      "string": "Extra disk v (Explorer)",
      "in_instance": false,
      "severity": "Severe"
    },
    {
      "name": "C$file:///W$Severe",
      "process": "svc:dnscache",
      "string": "Extra disk W (Explorer)",
      "in_instance": false,
      "severity": "Severe"
    },
    {
      "name": "C$file:///X$Severe",
      "process": "svc:dnscache",
      "string": "Extra disk X (Explorer)",
      "in_instance": false,
      "severity": "Severe"
    },
    {
      "name": "C$file:///Y$Severe",
      "process": "svc:dnscache",
      "string": "Extra disk Y (Explorer)",
      "in_instance": false,
      "severity": "Severe"
    },
    {
      "name": "C$file:///Z$Severe",
      "process": "svc:dnscache",
      "string": "Extra disk Z (Explorer)",
      "in_instance": false,
      "severity": "Severe"
    },
    {
      "name": "C$favorites.cfg$Severe",
      "process": "svc:dnscache",
      "string": "Susano Detected (Explorer)",
      "in_instance": false,
      "severity": "Severe"
    },
    {
      "name": "C$bleachbit.exe$Severe",
      "process": "svc:dnscache",
      "string": "BleachBit (Explorer)",
      "in_instance": false,
      "severity": "Severe"
    },
    {
      "name": "C$RWClean.exe$Severe",
      "process": "svc:dnscache",
      "string": "R-Wipe (Explorer)",
      "in_instance": false,
      "severity": "Severe"
    },
    {
      "name": "C$imgui.ini$Severe",
      "process": "svc:dnscache",
      "string": "Imgui.ini (Explorer)",
      "in_instance": false,
      "severity": "Severe"
    },
    {
      "name": "C$privazer.exe$Severe",
      "process": "svc:dnscache",
      "string": "Privazer (Explorer)",
      "in_instance": false,
      "severity": "Severe"
    },
    {
      "name": "C$settings.cock$Severe",
      "process": "svc:dnscache",
      "string": "RedEngine (Explorer)",
      "in_instance": false,
      "severity": "Severe"
    },
    {
      "name": "C$tdpremium.exe$Severe",
      "process": "svc:dnscache",
      "string": "TdPremium (Explorer)",
      "in_instance": false,
      "severity": "Severe"
    },
    {
      "name": "C$tdloader.exe$Severe",
      "process": "svc:dnscache",
      "string": "TdPremium 2 (Explorer)",
      "in_instance": false,
      "severity": "Severe"
    },
    {
      "name": "C$cleanpc.exe$Severe",
      "process": "svc:dnscache",
      "string": "Clean pc (Explorer)",
      "in_instance": false,
      "severity": "Severe"
    },
    {
      "name": "C$khublauncher.exe$Severe",
      "process": "svc:dnscache",
      "string": "khublauncher (Explorer)",
      "in_instance": false,
      "severity": "Severe"
    },
    {
      "name": "C$TZX.zip$Severe",
      "process": "svc:dnscache",
      "string": "TZX (Explorer)",
      "in_instance": false,
      "severity": "Severe"
    },
    {
      "name": "C$TZ.zip$Severe",
      "process": "svc:dnscache",
      "string": "TZ (Explorer)",
      "in_instance": false,
      "severity": "Severe"
    },
    {
      "name": "C$miyalaaskim.sys$Severe",
      "process": "svc:dnscache",
      "string": "Lavender Premium (Explorer)",
      "in_instance": false,
      "severity": "Severe"
    },
    {
      "name": "C$api-three.pedrin.cc$Severe",
      "process": "svc:dnscache",
      "string": "Gosth Injected",
      "in_instance": false,
      "severity": "Severe"
    },
    {
      "name": "C$auth.redengine.eu$Severe",
      "process": "svc:dnscache",
      "string": "Red Engine Injected",
      "in_instance": false,
      "severity": "Severe"
    },
    {
      "name": "C$api.tzproject.com$Severe",
      "process": "svc:dnscache",
      "string": "TZ Project",
      "in_instance": false,
      "severity": "Severe"
    },
    {
      "name": "C$Imdisk$Severe",
      "process": "svc:dnscache",
      "string": "2021/10/30:15:33:09",
      "in_instance": false,
      "severity": "Severe"
    },
    {
      "name": "C$Eulen$Severe",
      "process": "svc:dnscache",
      "string": "2023/04/12:20:04:07",
      "in_instance": false,
      "severity": "Severe"
    },
    {
      "name": "C$Gosth$Severe",
      "process": "svc:dnscache",
      "string": "2023/05/07:00:21:53",
      "in_instance": false,
      "severity": "Severe"
    },
    {
      "name": "C$Gosth$Severe",
      "process": "svc:dnscache",
      "string": "2023/08/23:23:30:12",
      "in_instance": false,
      "severity": "Severe"
    },
    {
      "name": "C$Monster Menu$Severe",
      "process": "svc:dnscache",
      "string": "2022/09/30:10:45:22",
      "in_instance": false,
      "severity": "Severe"
    },
    {
      "name": "C$Purity$Severe",
      "process": "svc:dnscache",
      "string": "2100/01/17:19:52:37Severe",
      "in_instance": false,
      "severity": "Severe"
    },
    {
      "name": "C$Project Loader$Severe",
      "process": "svc:dnscache",
      "string": "2023/05/01:17:46:04",
      "in_instance": false,
      "severity": "Severe"
    },
    {
      "name": "C$Red Engine$Severe",
      "process": "svc:dnscache",
      "string": "2023/05/07:20:11:07",
      "in_instance": false,
      "severity": "Severe"
    },
    {
      "name": "C$Skript$Severe",
      "process": "svc:dnscache",
      "string": "2023/04/24:17:39:46",
      "in_instance": false,
      "severity": "Severe"
    },
    {
      "name": "C$Red Engine$Severe",
      "process": "svc:dnscache",
      "string": "2023/05/26:07:42:20",
      "in_instance": false,
      "severity": "Severe"
    },
    {
      "name": "C$Red Engine$Severe",
      "process": "svc:dnscache",
      "string": "2023/05/13:19:41:45",
      "in_instance": false,
      "severity": "Severe"
    },
    {
      "name": "C$Lsass Cleaner$Severe",
      "process": "svc:dnscache",
      "string": "Lsass Cleaner",
      "in_instance": false,
      "severity": "Severe"
    },
    {
      "name": "C$HWID Susano Detected$Severe",
      "process": "svc:dnscache",
      "string": "2023/05/21:20:56:21",
      "in_instance": false,
      "severity": "Severe"
    },
    {
      "name": "C$Bleach Bit$Severe",
      "process": "svc:dnscache",
      "string": "2021/11/13:21:10:48",
      "in_instance": false,
      "severity": "Severe"
    },
    {
      "name": "C$USB Oblivion$Severe",
      "process": "svc:dnscache",
      "string": "2021/11/29:17:36:29",
      "in_instance": false,
      "severity": "Severe"
    },
    {
      "name": "C$Project Loader$Severe",
      "process": "svc:dnscache",
      "string": "2023/05/28:22:49:20",
      "in_instance": false,
      "severity": "Severe"
    },
    {
      "name": "C$TZ Project$Severe",
      "process": "svc:dnscache",
      "string": "2023/07/25:07:18:05",
      "in_instance": false,
      "severity": "Severe"
    },
    {
      "name": "C$TZ Project$Severe",
      "process": "svc:dnscache",
      "string": "2023/06/29:14:51:42",
      "in_instance": false,
      "severity": "Severe"
    },
    {
      "name": "C$TZ Project$Severe",
      "process": "svc:dnscache",
      "string": "2023/06/04:19:28:48",
      "in_instance": false,
      "severity": "Severe"
    },
    {
      "name": "C$Imdisk$Severe",
      "process": "svc:dnscache",
      "string": "2021/10/30:15:33:09",
      "in_instance": false,
      "severity": "Severe"
    },
    {
      "name": "C$Eulen$Severe",
      "process": "svc:dnscache",
      "string": "2023/04/12:20:04:07",
      "in_instance": false,
      "severity": "Severe"
    },
    {
      "name": "C$Gosth$Severe",
      "process": "svc:dnscache",
      "string": "2023/05/07:00:21:53",
      "in_instance": false,
      "severity": "Severe"
    },
    {
      "name": "C$Gosth$Severe",
      "process": "svc:dnscache",
      "string": "2023/08/23:23:30:12",
      "in_instance": false,
      "severity": "Severe"
    },
    {
      "name": "C$Monster Menu$Severe",
      "process": "svc:dnscache",
      "string": "2022/09/30:10:45:22",
      "in_instance": false,
      "severity": "Severe"
    },
    {
      "name": "C$Purity$Severe",
      "process": "svc:dnscache",
      "string": "2100/01/17:19:52:37Severe",
      "in_instance": false,
      "severity": "Severe"
    },
    {
      "name": "C$Project Loader$Severe",
      "process": "svc:dnscache",
      "string": "2023/05/01:17:46:04",
      "in_instance": false,
      "severity": "Severe"
    },
    {
      "name": "C$Red Engine$Severe",
      "process": "svc:dnscache",
      "string": "2023/05/07:20:11:07",
      "in_instance": false,
      "severity": "Severe"
    },
    {
      "name": "C$Skript$Severe",
      "process": "svc:dnscache",
      "string": "2023/04/24:17:39:46",
      "in_instance": false,
      "severity": "Severe"
    },
    {
      "name": "C$Red Engine$Severe",
      "process": "svc:dnscache",
      "string": "2023/05/26:07:42:20",
      "in_instance": false,
      "severity": "Severe"
    },
    {
      "name": "C$Red Engine$Severe",
      "process": "svc:dnscache",
      "string": "2023/05/13:19:41:45",
      "in_instance": false,
      "severity": "Severe"
    },
    {
      "name": "C$Lsass Cleaner$Severe",
      "process": "svc:dnscache",
      "string": "Lsass Cleaner",
      "in_instance": false,
      "severity": "Severe"
    },
    {
      "name": "C$HWID Susano Detected$Severe",
      "process": "svc:dnscache",
      "string": "2023/05/21:20:56:21",
      "in_instance": false,
      "severity": "Severe"
    },
    {
      "name": "C$Bleach Bit$Severe",
      "process": "svc:dnscache",
      "string": "2021/11/13:21:10:48",
      "in_instance": false,
      "severity": "Severe"
    },
    {
      "name": "C$USB Oblivion$Severe",
      "process": "svc:dnscache",
      "string": "2021/11/29:17:36:29",
      "in_instance": false,
      "severity": "Severe"
    },
    {
      "name": "C$Project Loader$Severe",
      "process": "svc:dnscache",
      "string": "2023/05/28:22:49:20",
      "in_instance": false,
      "severity": "Severe"
    },
    {
      "name": "C$TZ Project$Severe",
      "process": "svc:dnscache",
      "string": "2023/07/25:07:18:05",
      "in_instance": false,
      "severity": "Severe"
    },
    {
      "name": "C$TZ Project$Severe",
      "process": "svc:dnscache",
      "string": "2023/06/29:14:51:42",
      "in_instance": false,
      "severity": "Severe"
    },
    {
      "name": "C$TZ Project$Severe",
      "process": "svc:dnscache",
      "string": "2023/06/04:19:28:48",
      "in_instance": false,
      "severity": "Severe"
    },
    {
      "name": "C$https://ecstasy.zip/dashboard/misc$Severe",
      "process": "svc:dnscache",
      "string": "Ecstasy Connection",
      "in_instance": false,
      "severity": "Severe"
    },
    {
      "name": "C$https://ecstasy.zip/dashboard/aim$Severe",
      "process": "svc:dnscache",
      "string": "Ecstasy Connection",
      "in_instance": false,
      "severity": "Severe"
    },
    {
      "name": "C$file:///A$Severe",
      "process": "svc:explorer",
      "string": "Extra disk A (Explorer)",
      "in_instance": false,
      "severity": "Severe"
    },
    {
      "name": "C$file:///B$Severe",
      "process": "svc:explorer",
      "string": "Extra disk B (Explorer)",
      "in_instance": false,
      "severity": "Severe"
    },
    {
      "name": "C$file:///F$Severe",
      "process": "svc:explorer",
      "string": "Extra disk F (Explorer)",
      "in_instance": false,
      "severity": "Severe"
    },
    {
      "name": "C$file:///G$Severe",
      "process": "svc:explorer",
      "string": "Extra disk G (Explorer)",
      "in_instance": false,
      "severity": "Severe"
    },
    {
      "name": "C$file:///H$Severe",
      "process": "svc:explorer",
      "string": "Extra disk H (Explorer)",
      "in_instance": false,
      "severity": "Severe"
    },
    {
      "name": "C$file:///I$Severe",
      "process": "svc:explorer",
      "string": "Extra disk I (Explorer)",
      "in_instance": false,
      "severity": "Severe"
    },
    {
      "name": "C$file:///J$Severe",
      "process": "svc:explorer",
      "string": "Extra disk J (Explorer)",
      "in_instance": false,
      "severity": "Severe"
    },
    {
      "name": "C$file:///K$Severe",
      "process": "svc:explorer",
      "string": "Extra disk K (Explorer)",
      "in_instance": false,
      "severity": "Severe"
    },
    {
      "name": "C$file:///L$Severe",
      "process": "svc:explorer",
      "string": "Extra disk L (Explorer)",
      "in_instance": false,
      "severity": "Severe"
    },
    {
      "name": "C$file:///M$Severe",
      "process": "svc:explorer",
      "string": "Extra disk M (Explorer)",
      "in_instance": false,
      "severity": "Severe"
    },
    {
      "name": "C$file:///N$Severe",
      "process": "svc:explorer",
      "string": "Extra disk N (Explorer)",
      "in_instance": false,
      "severity": "Severe"
    },
    {
      "name": "C$file:///Q$Severe",
      "process": "svc:explorer",
      "string": "Extra disk Q (Explorer)",
      "in_instance": false,
      "severity": "Severe"
    },
    {
      "name": "C$file:///P$Severe",
      "process": "svc:explorer",
      "string": "Extra disk p (Explorer)",
      "in_instance": false,
      "severity": "Severe"
    },
    {
      "name": "C$file:///O$Severe",
      "process": "svc:explorer",
      "string": "Extra disk O (Explorer)",
      "in_instance": false,
      "severity": "Severe"
    },
    {
      "name": "C$file:///R$Severe",
      "process": "svc:explorer",
      "string": "Extra disk R (Explorer)",
      "in_instance": false,
      "severity": "Severe"
    },
    {
      "name": "C$file:///S$Severe",
      "process": "svc:explorer",
      "string": "Extra disk S (Explorer)",
      "in_instance": false,
      "severity": "Severe"
    },
    {
      "name": "C$file:///T$Severe",
      "process": "svc:explorer",
      "string": "Extra disk T (Explorer)",
      "in_instance": false,
      "severity": "Severe"
    },
    {
      "name": "C$file:///U$Severe",
      "process": "svc:explorer",
      "string": "Extra disk U (Explorer)",
      "in_instance": false,
      "severity": "Severe"
    },
    {
      "name": "C$file:///V$Severe",
      "process": "svc:explorer",
      "string": "Extra disk v (Explorer)",
      "in_instance": false,
      "severity": "Severe"
    },
    {
      "name": "C$file:///W$Severe",
      "process": "svc:explorer",
      "string": "Extra disk W (Explorer)",
      "in_instance": false,
      "severity": "Severe"
    },
    {
      "name": "C$file:///X$Severe",
      "process": "svc:explorer",
      "string": "Extra disk X (Explorer)",
      "in_instance": false,
      "severity": "Severe"
    },
    {
      "name": "C$file:///Y$Severe",
      "process": "svc:explorer",
      "string": "Extra disk Y (Explorer)",
      "in_instance": false,
      "severity": "Severe"
    },
    {
      "name": "C$file:///Z$Severe",
      "process": "svc:explorer",
      "string": "Extra disk Z (Explorer)",
      "in_instance": false,
      "severity": "Severe"
    },
    {
      "name": "C$favorites.cfg$Severe",
      "process": "svc:explorer",
      "string": "Susano Detected (Explorer)",
      "in_instance": false,
      "severity": "Severe"
    },
    {
      "name": "C$bleachbit.exe$Severe",
      "process": "svc:explorer",
      "string": "BleachBit (Explorer)",
      "in_instance": false,
      "severity": "Severe"
    },
    {
      "name": "C$RWClean.exe$Severe",
      "process": "svc:explorer",
      "string": "R-Wipe (Explorer)",
      "in_instance": false,
      "severity": "Severe"
    },
    {
      "name": "C$imgui.ini$Severe",
      "process": "svc:explorer",
      "string": "Imgui.ini (Explorer)",
      "in_instance": false,
      "severity": "Severe"
    },
    {
      "name": "C$privazer.exe$Severe",
      "process": "svc:explorer",
      "string": "Privazer (Explorer)",
      "in_instance": false,
      "severity": "Severe"
    },
    {
      "name": "C$settings.cock$Severe",
      "process": "svc:explorer",
      "string": "RedEngine (Explorer)",
      "in_instance": false,
      "severity": "Severe"
    },
    {
      "name": "C$tdpremium.exe$Severe",
      "process": "svc:explorer",
      "string": "TdPremium (Explorer)",
      "in_instance": false,
      "severity": "Severe"
    },
    {
      "name": "C$tdloader.exe$Severe",
      "process": "svc:explorer",
      "string": "TdPremium 2 (Explorer)",
      "in_instance": false,
      "severity": "Severe"
    },
    {
      "name": "C$cleanpc.exe$Severe",
      "process": "svc:explorer",
      "string": "Clean pc (Explorer)",
      "in_instance": false,
      "severity": "Severe"
    },
    {
      "name": "C$khublauncher.exe$Severe",
      "process": "svc:explorer",
      "string": "khublauncher (Explorer)",
      "in_instance": false,
      "severity": "Severe"
    },
    {
      "name": "C$TZX.zip$Severe",
      "process": "svc:explorer",
      "string": "TZX (Explorer)",
      "in_instance": false,
      "severity": "Severe"
    },
    {
      "name": "C$TZ.zip$Severe",
      "process": "svc:explorer",
      "string": "TZ (Explorer)",
      "in_instance": false,
      "severity": "Severe"
    },
    {
      "name": "C$miyalaaskim.sys$Severe",
      "process": "svc:explorer",
      "string": "Lavender Premium (Explorer)",
      "in_instance": false,
      "severity": "Severe"
    },
    {
      "name": "C$loader.data$Severe",
      "process": "svc:explorer",
      "string": "Cutiehook Config in PC",
      "in_instance": false,
      "severity": "Severe"
    },
    {
      "name": "C$password_is_eulen.rar\t$Severe",
      "process": "svc:explorer",
      "string": "Eulen RAR in PC [password_is_eulen.rar]",
      "in_instance": false,
      "severity": "Severe"
    },
    {
      "name": "C$abc.abc\t$Severe",
      "process": "svc:explorer",
      "string": "Gosth File Detect",
      "in_instance": false,
      "severity": "Severe"
    },
    {
      "name": "C$loader.vmp.exe\t$Severe",
      "process": "svc:explorer",
      "string": "Monster EXE in PC [loader.vmp.exe]",
      "in_instance": false,
      "severity": "Severe"
    },
    {
      "name": "C$senha_monster.rar\t\t$Severe",
      "process": "svc:explorer",
      "string": "Monster RAR in PC [senha_monster.rar]",
      "in_instance": false,
      "severity": "Severe"
    },
    {
      "name": "C$p5m_free.ini\t$Severe",
      "process": "svc:explorer",
      "string": "Project Loader Config Detected",
      "in_instance": false,
      "severity": "Severe"
    },
    {
      "name": "C$settings.cock\t\t$Severe",
      "process": "svc:explorer",
      "string": "RedEngine Settings",
      "in_instance": false,
      "severity": "Severe"
    },
    {
      "name": "C$public.zip\t\t$Severe",
      "process": "svc:explorer",
      "string": "Red Engine ZIP in PC [Public.zip]",
      "in_instance": false,
      "severity": "Severe"
    },
    {
      "name": "C$debug_logs$Severe",
      "process": "svc:explorer",
      "string": "Skript Archive Login in PC [debug_logs]",
      "in_instance": false,
      "severity": "Severe"
    },
    {
      "name": "C$quickenter.rpf$Severe",
      "process": "svc:explorer",
      "string": "Suspicious Modified RPF in PC [quickenter.rpf]",
      "in_instance": false,
      "severity": "Severe"
    },
    {
      "name": "C$municao_infinita.rpf$Severe",
      "process": "svc:explorer",
      "string": "Suspicious Modified RPF in PC [municao_infinita.rpf]",
      "in_instance": false,
      "severity": "Severe"
    },
    {
      "name": "C$1_tiro_by_cz.rpf$Severe",
      "process": "svc:explorer",
      "string": "Suspicious Modified RPF in PC [1_tiro_by_cz.rpf]",
      "in_instance": false,
      "severity": "Severe"
    },
    {
      "name": "C$stamina-DDW.rpf$Severe",
      "process": "svc:explorer",
      "string": "Suspicious Modified RPF in PC [stamina-DDW.rpf]",
      "in_instance": false,
      "severity": "Severe"
    },
    {
      "name": "C$norecoil-DDW.rpf$Severe",
      "process": "svc:explorer",
      "string": "Suspicious Modified RPF in PC [norecoil-DDW.rpf]",
      "in_instance": false,
      "severity": "Severe"
    },
    {
      "name": "C$fastladder-DDW.rpf$Severe",
      "process": "svc:explorer",
      "string": "Suspicious Modified RPF in PC [fastladder-DDW.rpf]",
      "in_instance": false,
      "severity": "Severe"
    },
    {
      "name": "C$FAST_STRAFE_BY_OSTEN_1.rpf\t$Severe",
      "process": "svc:explorer",
      "string": "Suspicious Modified RPF in PC [FAST_STRAFE_BY_OSTEN_1.rpf]",
      "in_instance": false,
      "severity": "Severe"
    },
    {
      "name": "C$FAST_STRAFE_BY_OSTEN_1.rar$Severe",
      "process": "svc:explorer",
      "string": "Suspicious Modified RPF in PC [FAST_STRAFE_BY_OSTEN_1.rar]",
      "in_instance": false,
      "severity": "Severe"
    },
    {
      "name": "C$DopeAmbulance.rpf\t$Severe",
      "process": "svc:explorer",
      "string": "Suspicious Modified RPF in PC [DopeAmbulance.rpf]",
      "in_instance": false,
      "severity": "Severe"
    },
    {
      "name": "C$DopeTaxi.rpf\t$Severe",
      "process": "svc:explorer",
      "string": "Suspicious Modified RPF in PC [DopeTaxi.rpf]",
      "in_instance": false,
      "severity": "Severe"
    },
    {
      "name": "C$DopeBmx_.rpf\t$Severe",
      "process": "svc:explorer",
      "string": "Suspicious Modified RPF in PC [DopeBmx_.rpf]",
      "in_instance": false,
      "severity": "Severe"
    },
    {
      "name": "C$maxrange.rar\t\t$Severe",
      "process": "svc:explorer",
      "string": "Suspicious Modified RPF in PC [maxrange.rar]",
      "in_instance": false,
      "severity": "Severe"
    },
    {
      "name": "C$rage.rpf\tWarning\t$Severe",
      "process": "svc:explorer",
      "string": "Suspicious Modified RPF in PC [rage.rpf]",
      "in_instance": false,
      "severity": "Severe"
    },
    {
      "name": "C$WeaponVehicles.rpf\t$Severe",
      "process": "svc:explorer",
      "string": "Suspicious Modified RPF in PC [WeaponVehicles.rpf]",
      "in_instance": false,
      "severity": "Severe"
    },
    {
      "name": "C$quickEnter-DDW.rpf\t\t$Severe",
      "process": "svc:explorer",
      "string": "Suspicious Modified RPF in PC [quickEnter-DDW.rpf]",
      "in_instance": false,
      "severity": "Severe"
    },
    {
      "name": "C$HardAmmo-DDW.rpf\t$Severe",
      "process": "svc:explorer",
      "string": "Suspicious Modified RPF in PC [HardAmmo-DDW.rpf]",
      "in_instance": false,
      "severity": "Severe"
    },
    {
      "name": "C$damageboost-10.0X-DDW.rpf\t\t$Severe",
      "process": "svc:explorer",
      "string": "Suspicious Modified RPF in PC [damageboost-10.0X-DDW.rpf]",
      "in_instance": false,
      "severity": "Severe"
    },
    {
      "name": "C$damageboost-1.5X-DDW.rpf$Severe",
      "process": "svc:explorer",
      "string": "Suspicious Modified RPF in PC [damageboost-1.5X-DDW.rpf]",
      "in_instance": false,
      "severity": "Severe"
    },
    {
      "name": "C$Versao_Nova_Citizen_1_tiro_by_frz.rpf$Severe",
      "process": "svc:explorer",
      "string": "Suspicious Modified RPF in PC [Versao_Nova_Citizen_1_tiro_by_frz.rpf]",
      "in_instance": false,
      "severity": "Severe"
    },
    {
      "name": "C$NO_RECOIL_byitalo22.rpf\t$Severe",
      "process": "svc:explorer",
      "string": "Suspicious Modified RPF in PC [NO_RECOIL_byitalo22.rpf]",
      "in_instance": false,
      "severity": "Severe"
    },
    {
      "name": "C$ZC-softAim.rpf$Severe",
      "process": "svc:explorer",
      "string": "Suspicious Modified RPF in PC [ZC-softAim.rpf]",
      "in_instance": false,
      "severity": "Severe"
    },
    {
      "name": "C$youngtheuz_skills.rpf\t$Severe",
      "process": "svc:explorer",
      "string": "Suspicious Modified RPF in PC [youngtheuz_skills.rpf]",
      "in_instance": false,
      "severity": "Severe"
    },
    {
      "name": "C$Remove_Roll.rpf$Severe",
      "process": "svc:explorer",
      "string": "Suspicious Modified RPF in PC [Remove_Roll.rpf]",
      "in_instance": false,
      "severity": "Severe"
    },
    {
      "name": "C$varartirobybruxo.rpf$Severe",
      "process": "svc:explorer",
      "string": "Suspicious Modified RPF in PC [varartirobybruxo.rpf]",
      "in_instance": false,
      "severity": "Severe"
    },
    {
      "name": "C$Varartirobyfrz.rpf$Severe",
      "process": "svc:explorer",
      "string": "Suspicious Modified RPF in PC [Varartirobyfrz.rpf]",
      "in_instance": false,
      "severity": "Severe"
    },
    {
      "name": "C$CR-fastRun.rpf$Severe",
      "process": "svc:explorer",
      "string": "Suspicious Modified RPF in PC [CR-fastRun.rpf]",
      "in_instance": false,
      "severity": "Severe"
    },
    {
      "name": "C$infinitestaminafastreload.rpf$Severe",
      "process": "svc:explorer",
      "string": "Suspicious Modified RPF in PC [infinitestaminafastreload.rpf]",
      "in_instance": false,
      "severity": "Severe"
    },
    {
      "name": "C$IR.rpf$Severe",
      "process": "svc:explorer",
      "string": "Suspicious Modified RPF in PC [IR.rpf]",
      "in_instance": false,
      "severity": "Severe"
    },
    {
      "name": "C$ZC-infiniteAmmo.rpf$Severe",
      "process": "svc:explorer",
      "string": "Suspicious Modified RPF in PC [ZC-infiniteAmmo.rpf]",
      "in_instance": false,
      "severity": "Severe"
    },
    {
      "name": "C$ZC-weaponModifier.rpf$Severe",
      "process": "svc:explorer",
      "string": "Suspicious Modified RPF in PC [ZC-weaponModifier.rpf]",
      "in_instance": false,
      "severity": "Severe"
    },
    {
      "name": "C$ZC-bulletPenetration.rpf$Severe",
      "process": "svc:explorer",
      "string": "Suspicious Modified RPF in PC [ZC-bulletPenetration.rpf]",
      "in_instance": false,
      "severity": "Severe"
    },
    {
      "name": "C$ZC-increasedRange.rpf$Severe",
      "process": "svc:explorer",
      "string": "Suspicious Modified RPF in PC [ZC-increasedRange.rpf]",
      "in_instance": false,
      "severity": "Severe"
    },
    {
      "name": "C$ZC-damageBoost_1.5X.rpf$Severe",
      "process": "svc:explorer",
      "string": "Suspicious Modified RPF in PC [ZC-damageBoost_1.5X.rpf]",
      "in_instance": false,
      "severity": "Severe"
    },
    {
      "name": "C$ZC-damageBoost_10X.rpf$Severe",
      "process": "svc:explorer",
      "string": "Suspicious Modified RPF in PC [ZC-damageBoost_10X.rpf]",
      "in_instance": false,
      "severity": "Severe"
    },
    {
      "name": "C$handlingModifier.rpf$Severe",
      "process": "svc:explorer",
      "string": "Suspicious Modified RPF in PC [handlingModifier.rpf]",
      "in_instance": false,
      "severity": "Severe"
    },
    {
      "name": "C$ZC-stamina.rpf$Severe",
      "process": "svc:explorer",
      "string": "Suspicious Modified RPF in PC [ZC-stamina.rpf]",
      "in_instance": false,
      "severity": "Severe"
    },
    {
      "name": "C$handling.rpf\t$Severe",
      "process": "svc:explorer",
      "string": "Suspicious Modified RPF in PC [handling.rpf]",
      "in_instance": false,
      "severity": "Severe"
    },
    {
      "name": "C$BP.rpf$Severe",
      "process": "svc:explorer",
      "string": "Suspicious Modified RPF in PC [BP.rpf]",
      "in_instance": false,
      "severity": "Severe"
    },
    {
      "name": "C$add_weapon_pistol.50.rpf$Severe",
      "process": "svc:explorer",
      "string": "Suspicious Modified RPF in PC [add_weapon_pistol.50.rpf]",
      "in_instance": false,
      "severity": "Severe"
    },
    {
      "name": "C$pedaccuracy.meta$Severe",
      "process": "svc:explorer",
      "string": "Suspicious Modified META in PC [pedaccuracy.meta]",
      "in_instance": false,
      "severity": "Severe"
    },
    {
      "name": "C$x64a.rpf$Severe",
      "process": "svc:explorer",
      "string": "Possivel X64 Silent",
      "in_instance": false,
      "severity": "Severe"
    },
    {
      "name": "C$imgui.ini$Severe",
      "process": "svc:explorer",
      "string": "Possivel ImGui Found",
      "in_instance": false,
      "severity": "Severe"
    },
    {
      "name": "C$file:///A$Severe",
      "process": "svc:explorer",
      "string": "Disk A Detectado",
      "in_instance": false,
      "severity": "Severe"
    },
    {
      "name": "C$file:///B$Severe",
      "process": "svc:explorer",
      "string": "Disk B Detectado",
      "in_instance": false,
      "severity": "Severe"
    },
    {
      "name": "C$file:///F$Severe",
      "process": "svc:explorer",
      "string": "Disk F Detectado",
      "in_instance": false,
      "severity": "Severe"
    },
    {
      "name": "C$file:///G$Severe",
      "process": "svc:explorer",
      "string": "Disk G Detectado",
      "in_instance": false,
      "severity": "Severe"
    },
    {
      "name": "C$file:///H$Severe",
      "process": "svc:explorer",
      "string": "Disk H Detectado",
      "in_instance": false,
      "severity": "Severe"
    },
    {
      "name": "C$file:///I$Severe",
      "process": "svc:explorer",
      "string": "Disk I Detectado",
      "in_instance": false,
      "severity": "Severe"
    },
    {
      "name": "C$file:///J$Severe",
      "process": "svc:explorer",
      "string": "Disk J Detectado",
      "in_instance": false,
      "severity": "Severe"
    },
    {
      "name": "C$file:///K$Severe",
      "process": "svc:explorer",
      "string": "Disk K Detectado",
      "in_instance": false,
      "severity": "Severe"
    },
    {
      "name": "C$file:///L\t$Severe",
      "process": "svc:explorer",
      "string": "Disk L Detectado",
      "in_instance": false,
      "severity": "Severe"
    },
    {
      "name": "C$file:///M$Severe",
      "process": "svc:explorer",
      "string": "Disk M Detectado",
      "in_instance": false,
      "severity": "Severe"
    },
    {
      "name": "C$file:///N$Severe",
      "process": "svc:explorer",
      "string": "Disk N Detectado",
      "in_instance": false,
      "severity": "Severe"
    },
    {
      "name": "C$file:///O$Severe",
      "process": "svc:explorer",
      "string": "Disk O Detectado",
      "in_instance": false,
      "severity": "Severe"
    },
    {
      "name": "C$file:///P$Severe",
      "process": "svc:explorer",
      "string": "Disk P Detectado",
      "in_instance": false,
      "severity": "Severe"
    },
    {
      "name": "C$file:///Q$Severe",
      "process": "svc:explorer",
      "string": "Disk Q Detectado",
      "in_instance": false,
      "severity": "Severe"
    },
    {
      "name": "C$file:///R$Severe",
      "process": "svc:explorer",
      "string": "Disk R Detectado",
      "in_instance": false,
      "severity": "Severe"
    },
    {
      "name": "C$file:///S$Severe",
      "process": "svc:explorer",
      "string": "Disk S Detectado",
      "in_instance": false,
      "severity": "Severe"
    },
    {
      "name": "C$file:///T$Severe",
      "process": "svc:explorer",
      "string": "Disk T Detectado",
      "in_instance": false,
      "severity": "Severe"
    },
    {
      "name": "C$file:///U\t$Severe",
      "process": "svc:explorer",
      "string": "Disk U Detectado",
      "in_instance": false,
      "severity": "Severe"
    },
    {
      "name": "C$file:///V\t\t$Severe",
      "process": "svc:explorer",
      "string": "Disk V Detectado",
      "in_instance": false,
      "severity": "Severe"
    },
    {
      "name": "C$file:///W\t\t$Severe",
      "process": "svc:explorer",
      "string": "Disk W Detectado",
      "in_instance": false,
      "severity": "Severe"
    },
    {
      "name": "C$file:///X\t\t$Severe",
      "process": "svc:explorer",
      "string": "Disk X Detectado",
      "in_instance": false,
      "severity": "Severe"
    },
    {
      "name": "C$file:///Y\t$Severe",
      "process": "svc:explorer",
      "string": "Disk Y Detectado",
      "in_instance": false,
      "severity": "Severe"
    },
    {
      "name": "C$file:///Z$Severe",
      "process": "svc:explorer",
      "string": "Disk Z Detectado",
      "in_instance": false,
      "severity": "Severe"
    },
    {
      "name": "C$project/redengine$Severe",
      "process": "svc:explorer",
      "string": "Public.zip",
      "in_instance": false,
      "severity": "Severe"
    },
    {
      "name": "C$projectcheats$Severe",
      "process": "svc:explorer",
      "string": "pc5m.ini",
      "in_instance": false,
      "severity": "Severe"
    },
    {
      "name": "C$projectcheats$Severe",
      "process": "svc:explorer",
      "string": "Component.dll",
      "in_instance": false,
      "severity": "Severe"
    },
    {
      "name": "C$projectcheats$Severe",
      "process": "svc:explorer",
      "string": "Projectloader.pdb",
      "in_instance": false,
      "severity": "Severe"
    },
    {
      "name": "C$redengine$Severe",
      "process": "svc:explorer",
      "string": "settings.cock",
      "in_instance": false,
      "severity": "Severe"
    },
    {
      "name": "C$tz-project$Severe",
      "process": "svc:explorer",
      "string": "TZX.zip",
      "in_instance": false,
      "severity": "Severe"
    },
    {
      "name": "C$tz-project$Severe",
      "process": "svc:explorer",
      "string": "TZ.zip",
      "in_instance": false,
      "severity": "Severe"
    },
    {
      "name": "C$tz-project$Severe",
      "process": "svc:explorer",
      "string": "TZ.zip",
      "in_instance": false,
      "severity": "Severe"
    },
    {
      "name": "C$susano$Severe",
      "process": "svc:explorer",
      "string": "cfg.latest",
      "in_instance": false,
      "severity": "Severe"
    },
    {
      "name": "C$susano$Severe",
      "process": "svc:explorer",
      "string": "favorities.cfg",
      "in_instance": false,
      "severity": "Severe"
    },
    {
      "name": "C$susano$Severe",
      "process": "svc:explorer",
      "string": "favorites.cfg",
      "in_instance": false,
      "severity": "Severe"
    },
    {
      "name": "C$susano hwid grabber$Severe",
      "process": "svc:explorer",
      "string": "hwid.exe",
      "in_instance": false,
      "severity": "Severe"
    },
    {
      "name": "C$stopped$Severe",
      "process": "svc:explorer",
      "string": "stoppedbypass.com",
      "in_instance": false,
      "severity": "Severe"
    },
    {
      "name": "C$khub$Severe",
      "process": "svc:explorer",
      "string": "fvmkhub.exe",
      "in_instance": false,
      "severity": "Severe"
    },
    {
      "name": "C$khub$Severe",
      "process": "svc:explorer",
      "string": "KHUBLauncher",
      "in_instance": false,
      "severity": "Severe"
    },
    {
      "name": "C$xenon$Severe",
      "process": "svc:explorer",
      "string": "xenon.rar",
      "in_instance": false,
      "severity": "Severe"
    },
    {
      "name": "C$evading cheat$Severe",
      "process": "svc:explorer",
      "string": "reshade.ini",
      "in_instance": false,
      "severity": "Severe"
    },
    {
      "name": "C$evading cheat$Severe",
      "process": "svc:explorer",
      "string": "reshade12.dll",
      "in_instance": false,
      "severity": "Severe"
    },
    {
      "name": "C$evading cheat$Severe",
      "process": "svc:explorer",
      "string": "gialosai",
      "in_instance": false,
      "severity": "Severe"
    },
    {
      "name": "C$gambohub$Severe",
      "process": "svc:explorer",
      "string": "GamboHub.rar",
      "in_instance": false,
      "severity": "Severe"
    },
    {
      "name": "C$skript.gg$Severe",
      "process": "svc:explorer",
      "string": "USBDeview.exe",
      "in_instance": false,
      "severity": "Severe"
    },
    {
      "name": "C$skript.gg$Severe",
      "process": "svc:explorer",
      "string": "usbdeview-x64",
      "in_instance": false,
      "severity": "Severe"
    },
    {
      "name": "C$eulen$Severe",
      "process": "svc:explorer",
      "string": "loader_prod.exe",
      "in_instance": false,
      "severity": "Severe"
    },
    {
      "name": "C$eulen$Severe",
      "process": "svc:explorer",
      "string": "password_is_eulen.rar",
      "in_instance": false,
      "severity": "Severe"
    },
    {
      "name": "C$eulen$Severe",
      "process": "svc:explorer",
      "string": "password_is_eulen.rar",
      "in_instance": false,
      "severity": "Severe"
    },
    {
      "name": "C$unicore$Severe",
      "process": "svc:explorer",
      "string": "yZx12vC.exe",
      "in_instance": false,
      "severity": "Severe"
    },
    {
      "name": "C$excheats$Severe",
      "process": "svc:explorer",
      "string": "ExCheats Loader.exe",
      "in_instance": false,
      "severity": "Severe"
    },
    {
      "name": "C$cobra$Severe",
      "process": "svc:explorer",
      "string": "Cobra Loader.exe",
      "in_instance": false,
      "severity": "Severe"
    },
    {
      "name": "C$Luna Loader$Severe",
      "process": "svc:explorer",
      "string": "Luna Loader.exe",
      "in_instance": false,
      "severity": "Severe"
    },
    {
      "name": "C$silence$Severe",
      "process": "svc:explorer",
      "string": "silence v4.dll",
      "in_instance": false,
      "severity": "Severe"
    },
    {
      "name": "C$silence$Severe",
      "process": "svc:explorer",
      "string": "silencev4.exe",
      "in_instance": false,
      "severity": "Severe"
    },
    {
      "name": "C$keyauth.win$Severe",
      "process": "svc:lsass",
      "string": "Keyauth.win I (Lsass.exe)",
      "in_instance": false,
      "severity": "Severe"
    },
    {
      "name": "C$keyauth.cc$Severe",
      "process": "svc:lsass",
      "string": "Keyauth.cc I (Lsass.exe)",
      "in_instance": false,
      "severity": "Severe"
    },
    {
      "name": "C$api.tzproject.com$Severe",
      "process": "svc:lsass",
      "string": "tzproject I (Lsass.exe)",
      "in_instance": false,
      "severity": "Severe"
    },
    {
      "name": "C$projectcheats.com$Severe",
      "process": "svc:lsass",
      "string": "Project Cheats I (Lsass.exe)",
      "in_instance": false,
      "severity": "Severe"
    },
    {
      "name": "C$Susano.re$Severe",
      "process": "svc:lsass",
      "string": "susano I (Lsass.exe)",
      "in_instance": false,
      "severity": "Severe"
    },
    {
      "name": "C$ec2-3-235-182-75.compute-1.amazonaws.com$Severe",
      "process": "svc:lsass",
      "string": "Eulen I (Lsass.exe)",
      "in_instance": false,
      "severity": "Severe"
    },
    {
      "name": "C$api.hxsoftwares.com$Severe",
      "process": "svc:lsass",
      "string": "Hx Api I (Lsass.exe)",
      "in_instance": false,
      "severity": "Severe"
    },
    {
      "name": "C$hxsoftwares.com$Severe",
      "process": "svc:lsass",
      "string": "Hx Api II (Lsass.exe)",
      "in_instance": false,
      "severity": "Severe"
    },
    {
      "name": "C$6e6f4e616d65.dll$Severe",
      "process": "svc:lsass",
      "string": "Xenon eski I (Lsass.exe)",
      "in_instance": false,
      "severity": "Severe"
    },
    {
      "name": "C$xenon-solution.xyz$Severe",
      "process": "svc:lsass",
      "string": "Xenon eski II (Lsass.exe)",
      "in_instance": false,
      "severity": "Severe"
    },
    {
      "name": "C$DirectX.win32$Severe",
      "process": "svc:lsass",
      "string": "Xenon I (Lsass.exe)",
      "in_instance": false,
      "severity": "Severe"
    },
    {
      "name": "C$nvcontai.art$Severe",
      "process": "svc:lsass",
      "string": "Xenon II (Lsass.exe)",
      "in_instance": false,
      "severity": "Severe"
    },
    {
      "name": "C$nvcontainerschedulertask.art$Severe",
      "process": "svc:lsass",
      "string": "Xenon III (Lsass.exe)",
      "in_instance": false,
      "severity": "Severe"
    },
    {
      "name": "C$131.196.198.50$Severe",
      "process": "svc:lsass",
      "string": "Gosth I (Lsass.exe)",
      "in_instance": false,
      "severity": "Severe"
    },
    {
      "name": "C$gosth.ltd$Severe",
      "process": "svc:lsass",
      "string": "Gosth II (Lsass.exe)",
      "in_instance": false,
      "severity": "Severe"
    },
    {
      "name": "C$51.222.31.217$Severe",
      "process": "svc:lsass",
      "string": "Gosth III (Lsass.exe)",
      "in_instance": false,
      "severity": "Severe"
    },
    {
      "name": "C$cdn.gosth.ltd$Severe",
      "process": "svc:lsass",
      "string": "Gosth IIII (Lsass.exe)",
      "in_instance": false,
      "severity": "Severe"
    },
    {
      "name": "C$stoppedbypass.com$Severe",
      "process": "svc:lsass",
      "string": "Stopped ext I (Lsass.exe)",
      "in_instance": false,
      "severity": "Severe"
    },
    {
      "name": "C$api.blackout.wtf$Severe",
      "process": "svc:lsass",
      "string": "Blackout I (Lsass.exe)",
      "in_instance": false,
      "severity": "Severe"
    },
    {
      "name": "C$api.imber.dev$Severe",
      "process": "svc:lsass",
      "string": "FlySide I (Lsass.exe)",
      "in_instance": false,
      "severity": "Severe"
    },
    {
      "name": "C$keyauth.win/panel/flyside$Severe",
      "process": "svc:lsass",
      "string": "FlySide II (Lsass.exe)",
      "in_instance": false,
      "severity": "Severe"
    },
    {
      "name": "C$keyauth.cc/panel/flyside$Severe",
      "process": "svc:lsass",
      "string": "FlySide III (Lsass.exe)",
      "in_instance": false,
      "severity": "Severe"
    },
    {
      "name": "C$xerecao.com$Severe",
      "process": "svc:lsass",
      "string": "Xrc I (Lsass.exe)",
      "in_instance": false,
      "severity": "Severe"
    },
    {
      "name": "C$xerecao.com.br$Severe",
      "process": "svc:lsass",
      "string": "Xrc II (Lsass.exe)",
      "in_instance": false,
      "severity": "Severe"
    },
    {
      "name": "C$api.learnenglish.store$Severe",
      "process": "svc:lsass",
      "string": "Runner I (Lsass.exe)",
      "in_instance": false,
      "severity": "Severe"
    },
    {
      "name": "C$api.tryhardnelfen.shop$Severe",
      "process": "svc:lsass",
      "string": "Runner II (Lsass.exe)",
      "in_instance": false,
      "severity": "Severe"
    },
    {
      "name": "C$fivemmumble.site$Severe",
      "process": "svc:lsass",
      "string": "Runner III (Lsass.exe)",
      "in_instance": false,
      "severity": "Severe"
    },
    {
      "name": "C$lavenderpremium.com$Severe",
      "process": "svc:lsass",
      "string": "Lavender I (Lsass.exe)",
      "in_instance": false,
      "severity": "Severe"
    },
    {
      "name": "C$api.degeoacademy.xyz$Severe",
      "process": "svc:lsass",
      "string": "Dego Cheat I (Lsass.exe)",
      "in_instance": false,
      "severity": "Severe"
    },
    {
      "name": "C$skyproject.cc$Severe",
      "process": "svc:lsass",
      "string": "SkyAuth I (Lsass.exe)",
      "in_instance": false,
      "severity": "Severe"
    },
    {
      "name": "C$api.imber.dev$Severe",
      "process": "svc:lsass",
      "string": "imber I (Lsass.exe)",
      "in_instance": false,
      "severity": "Severe"
    },
    {
      "name": "C$antiEcho.xyz$Severe",
      "process": "svc:lsass",
      "string": "AntiEcho Bypass I (Lsass.exe)",
      "in_instance": false,
      "severity": "Severe"
    },
    {
      "name": "C$shey.tech$Severe",
      "process": "svc:lsass",
      "string": "Cutiehook Executed",
      "in_instance": false,
      "severity": "Severe"
    },
    {
      "name": "C$pedrin.cc$Severe",
      "process": "svc:lsass",
      "string": "Gosth Executed",
      "in_instance": false,
      "severity": "Severe"
    },
    {
      "name": "C$projectcheats.com$Severe",
      "process": "svc:lsass",
      "string": "Project Loader Executed",
      "in_instance": false,
      "severity": "Severe"
    },
    {
      "name": "C$skript.gg$Severe",
      "process": "svc:lsass",
      "string": "Skript Executed",
      "in_instance": false,
      "severity": "Severe"
    },
    {
      "name": "C$loader.data$Severe",
      "process": "svc:lsass",
      "string": "Cutiehook Config in PC Detected",
      "in_instance": false,
      "severity": "Severe"
    },
    {
      "name": "C$password_is_eulen.rar$Severe",
      "process": "svc:lsass",
      "string": "Eulen RAR in PC Detected [password_is_eulen.rar]",
      "in_instance": false,
      "severity": "Severe"
    },
    {
      "name": "C$abc.abc$Severe",
      "process": "svc:lsass",
      "string": "Gosth File Detected",
      "in_instance": false,
      "severity": "Severe"
    },
    {
      "name": "C$loader.vmp.exe$Severe",
      "process": "svc:lsass",
      "string": "Monster EXE in PC Detected [loader.vmp.exe]",
      "in_instance": false,
      "severity": "Severe"
    },
    {
      "name": "C$senha_monster.rar$Severe",
      "process": "svc:lsass",
      "string": "Monster RAR in PC Detected [senha_monster.rar]",
      "in_instance": false,
      "severity": "Severe"
    },
    {
      "name": "C$p5m_free.ini$Severe",
      "process": "svc:lsass",
      "string": "Project Loader Configuration",
      "in_instance": false,
      "severity": "Severe"
    },
    {
      "name": "C$settings.cock$Severe",
      "process": "svc:lsass",
      "string": "RedEngine Settings Detected",
      "in_instance": false,
      "severity": "Severe"
    },
    {
      "name": "C$public.zip$Severe",
      "process": "svc:lsass",
      "string": "Red Engine ZIP in PC Found [Public.zip]",
      "in_instance": false,
      "severity": "Severe"
    },
    {
      "name": "C$debug_logs$Severe",
      "process": "svc:lsass",
      "string": "Skript Archive Login in PC Detected [debug_logs]",
      "in_instance": false,
      "severity": "Severe"
    },
    {
      "name": "C$projectcheats$Severe",
      "process": "svc:lsass",
      "string": "projectcheats.com",
      "in_instance": false,
      "severity": "Severe"
    },
    {
      "name": "C$projectcheats$Severe",
      "process": "svc:lsass",
      "string": "api.projectcheats.com",
      "in_instance": false,
      "severity": "Severe"
    },
    {
      "name": "C$redengine$Severe",
      "process": "svc:lsass",
      "string": "wsauth.redengine.eu",
      "in_instance": false,
      "severity": "Severe"
    },
    {
      "name": "C$redengine$Severe",
      "process": "svc:lsass",
      "string": "redengine.eu",
      "in_instance": false,
      "severity": "Severe"
    },
    {
      "name": "C$redengine$Severe",
      "process": "svc:lsass",
      "string": "redengine.eu",
      "in_instance": false,
      "severity": "Severe"
    },
    {
      "name": "C$tz-project$Severe",
      "process": "svc:lsass",
      "string": "tzproject.com",
      "in_instance": false,
      "severity": "Severe"
    },
    {
      "name": "C$tz-project$Severe",
      "process": "svc:lsass",
      "string": "api.tzproject.com",
      "in_instance": false,
      "severity": "Severe"
    },
    {
      "name": "C$tz-project$Severe",
      "process": "svc:lsass",
      "string": "api.tzproject.com",
      "in_instance": false,
      "severity": "Severe"
    },
    {
      "name": "C$blackout$Severe",
      "process": "svc:lsass",
      "string": "api.blackout.wtf",
      "in_instance": false,
      "severity": "Severe"
    },
    {
      "name": "C$stopped$Severe",
      "process": "svc:lsass",
      "string": "stoppedbypass.com",
      "in_instance": false,
      "severity": "Severe"
    },
    {
      "name": "C$khub$Severe",
      "process": "svc:lsass",
      "string": "khub.space",
      "in_instance": false,
      "severity": "Severe"
    },
    {
      "name": "C$xenon$Severe",
      "process": "svc:lsass",
      "string": "xenon-solution.xyz",
      "in_instance": false,
      "severity": "Severe"
    },
    {
      "name": "C$skript.gg$Severe",
      "process": "svc:lsass",
      "string": "skript.gg0",
      "in_instance": false,
      "severity": "Severe"
    },
    {
      "name": "C$skript.gg$Severe",
      "process": "svc:lsass",
      "string": "skript.gg",
      "in_instance": false,
      "severity": "Severe"
    },
    {
      "name": "C$skript.gg$Severe",
      "process": "svc:lsass",
      "string": "s.k.r.i.p.t...g.g.",
      "in_instance": false,
      "severity": "Severe"
    },
    {
      "name": "C$skript.gg$Severe",
      "process": "svc:lsass",
      "string": "vps-32704700.vps.ovh.ca",
      "in_instance": false,
      "severity": "Severe"
    },
    {
      "name": "C$skript.gg$Severe",
      "process": "svc:lsass",
      "string": "https://skript.gg/favicon.png",
      "in_instance": false,
      "severity": "Severe"
    },
    {
      "name": "C$skript.gg$Severe",
      "process": "svc:lsass",
      "string": "https://skript.gg/",
      "in_instance": false,
      "severity": "Severe"
    },
    {
      "name": "C$skript.gg$Severe",
      "process": "svc:lsass",
      "string": "GTS CA 1P50",
      "in_instance": false,
      "severity": "Severe"
    },
    {
      "name": "C$eulen$Severe",
      "process": "svc:lsass",
      "string": "https://eulen.cc/Loader/",
      "in_instance": false,
      "severity": "Severe"
    },
    {
      "name": "C$unicore$Severe",
      "process": "svc:lsass",
      "string": "vps-b7a11d64.vps.ovh.net",
      "in_instance": false,
      "severity": "Severe"
    },
    {
      "name": "C$unicore$Severe",
      "process": "svc:lsass",
      "string": "vps-b7a11d64.vps.ovh.net:3333",
      "in_instance": false,
      "severity": "Severe"
    },
    {
      "name": "C$https://ecstasy.zip/dashboard/misc$Severe",
      "process": "svc:lsass",
      "string": "Ecstasy Connection",
      "in_instance": false,
      "severity": "Severe"
    },
    {
      "name": "C$https://ecstasy.zip/dashboard/aim$Severe",
      "process": "svc:lsass",
      "string": "Ecstasy Connection",
      "in_instance": false,
      "severity": "Severe"
    },
    {
      "name": "C$gosth site$Severe",
      "process": "svc:dnscache",
      "string": "http://gosth.gg/",
      "in_instance": false,
      "severity": "Severe"
    },
    {
      "name": "C$Susano$Severe",
      "process": "svc:dps",
      "string": "!2025/04/17:14:46:56!",
      "in_instance": false,
      "severity": "Severe"
    },
    {
      "name": "C$Susano$Severe",
      "process": "svc:pcasvc",
      "string": "0x3bbd000",
      "in_instance": false,
      "severity": "Severe"
    },
    {
      "name": "C$TZX$Severe",
      "process": "svc:dps",
      "string": "!2025/03/15:14:38:02!",
      "in_instance": false,
      "severity": "Severe"
    },
    {
      "name": "C$TZX$Severe",
      "process": "svc:pcasvc",
      "string": "0xf19000",
      "in_instance": false,
      "severity": "Severe"
    },
    {
      "name": "C$GOSTH$Severe",
      "process": "svc:pcasvc",
      "string": "0x4477000",
      "in_instance": false,
      "severity": "Severe"
    },
    {
      "name": "C$GOSTH$Severe",
      "process": "svc:dps",
      "string": "!2025/03/09:21:24:52!",
      "in_instance": false,
      "severity": "Severe"
    },
    {
      "name": "C$SKRIPT$Severe",
      "process": "svc:dps",
      "string": "!2025/03/19:17:36:07!",
      "in_instance": false,
      "severity": "Severe"
    },
    {
      "name": "C$SKRIPT$Severe",
      "process": "svc:pcasvc",
      "string": "0x2ac000",
      "in_instance": false,
      "severity": "Severe"
    },
    {
      "name": "C$KEYSER$Severe",
      "process": "svc:dps",
      "string": "!2025/04/23:23:50:33!",
      "in_instance": false,
      "severity": "Severe"
    },
    {
      "name": "C$KEYSER$Severe",
      "process": "svc:pcasvc",
      "string": "0x1797000",
      "in_instance": false,
      "severity": "Severe"
    },
    {
      "name": "C$Evading Overlay$Severe",
      "process": "svc:dps",
      "string": "!2025/04/17:17:14:11!",
      "in_instance": false,
      "severity": "Severe"
    },
    {
      "name": "C$Evading Overlay$Severe",
      "process": "svc:pcasvc",
      "string": "0x286000",
      "in_instance": false,
      "severity": "Severe"
    },
    {
      "name": "C$Susano$Severe",
      "process": "svc:pcasvc",
      "string": "0x55a05f",
      "in_instance": false,
      "severity": "Severe"
    },
    {
      "name": "C$Susano$Severe",
      "process": "svc:pcasvc",
      "string": "0x559067",
      "in_instance": false,
      "severity": "Severe"
    },
    {
      "name": "C$Susano$Severe",
      "process": "svc:dps",
      "string": "https://susano.re",
      "in_instance": false,
      "severity": "Severe"
    },
    {
      "name": "C$keyser$Severe",
      "process": "svc:explorer",
      "string": "C:\\\\Windows\\\\IME\\\\auth.json",
      "in_instance": false,
      "severity": "Severe"
    },
    {
      "name": "C$escape$Severe",
      "process": "svc:diagtrack",
      "string": "EscapeService-PvP.exe",
      "in_instance": false,
      "severity": "Severe"
    },
    {
      "name": "C$escape$Severe",
      "process": "svc:dps",
      "string": "2024/05/18:04:29:01",
      "in_instance": false,
      "severity": "Severe"
    },
    {
      "name": "C$escape$Severe",
      "process": "svc:explorer",
      "string": "Escape Service Cheat[Free].exe",
      "in_instance": false,
      "severity": "Severe"
    },
    {
      "name": "C$escape$Severe",
      "process": "svc:pcasvc",
      "string": "0x341000",
      "in_instance": false,
      "severity": "Severe"
    },
    {
      "name": "C$escape$Severe",
      "process": "svc:pcasvc",
      "string": "0x17e1000",
      "in_instance": false,
      "severity": "Severe"
    },
    {
      "name": "C$escape$Severe",
      "process": "svc:pcasvc",
      "string": "0xc2c000",
      "in_instance": false,
      "severity": "Severe"
    },
    {
      "name": "C$escape$Severe",
      "process": "svc:pcasvc",
      "string": "0xcbb000",
      "in_instance": false,
      "severity": "Severe"
    }
  ]
}